ticket,price
10482,£8 1s
110152,£86 10s
110413,£79 13s
110465,£52
110469,£26
110489,£26 11s
110564,£26 11s
110813,£75 5s
111163,£26
111240,£33 10s
111320,£38 10s
111361,£57 19s 7d
111369,£30
111426,£26 11s
111427,£26 11s
111428,£26 11s
112050,
112051,
112052,
112053,£30
112058,
112059,
11206,£8 1s
112277,£31
112377,£27 14s 5d
112378,£59 8s
112379,£39 12s
112901,£26 11s
113028,£26 11s
113038,£42 10s
113043,£28 10s
113044,£26
113050,£26 11s
113051,£27 15s
113054,£30 10s
113055,£26 11s
113056,£26
113059,£47 2s
113501,£30
113503,£211 10s
113505,£55
113509,£61 19s 7d
113510,£35
113514,£26 11s
113572,£80
113760,£120
113767,£50
113773,£53 2s
113776,£66 12s
113778,£26 11s
113780,£28 10s
113781,£151 16s
113783,£26 11s
113784,£35 10s
113786,£30 10s
113787,£30 10s
113788,£35 10s
113789,£52
113790,£26 11s
113791,£26 11s
113792,£26 11s
113794,£26 11s
113795,£26 11s
113796,£42 8s
113798,£31
113800,£26 11s
113801,£45 10s
113803,£53 2s
113804,£30 10s
113806,£53 2s
113807,£26 11s
1166,£12 10s 6d
11668,£21
11751,£52 11s 1d
11752,£26 5s 8d
11753,£52 11s 1d
11755,£39 12s
11765,£55 8s 10d
11767,£83 3s 2d
11769,£51 9s 7d
11770,£25 14s 10d
11771,£29 14s
11774,£29 14s
11778,£55 8s 10d
11813,£76 5s 10d
11967,£91 1s 7d
1222,£7 17s 7d
12233,£13
12460,£7 15s
12749,£93 10s
12750,£52
12998,£25 14s 10d
13032,£7 14s 8d
13049,£40 2s 6d
13050,£75 4s 10d
13213,£35 10s
13214,£30 10s
13236,£57 15s
13502,£77 19s 2d
13507,£55 18s
13508,£136 15s 7d
13509,£26 11s
13528,£21
13529,£26 5s
13531,£10 10s
13534,£21
13540,£10 10s
13567,£79 4s
13568,£49 10s
13695,£60
13905,£26
14208,£10 10s
14258,£10 10s
14260,£10 10s
14263,£10 10s
14266,£10 10s
14311,£7 15s
14312,£7 15s
14313,£7 15s
1478,£8 1s
14879,£73 10s
14885,£10 10s
14888,£10 10s
14973,£8 1s
15185,£10 10s
1585,£12 5s 6d
1601,£56 9s 11d
16966,£134 10s
16988,£30
17248,£10 10s
17318,£25 18s 6d
17368,£3 3s 5d
17369,£7 2s 10d
17421,£110 17s 8d
17453,£89 2s 1d
17463,£51 17s 3d
17464,£51 17s 3d
17465,£25 18s 7d
17466,£25 18s 7d
17473,£26 5s 9d
17474,£57
17475_Lind,£26 11s
17475_Silverthorne,£26 5s 9d
17476,£26 5s 9d
17477,£69 6s
1748,£12
17482,£49 10s 1d
17483,£221 15s 7d
17485,£56 18s 7d
17531,£31 13s 7d
17558,£247 10s 5d
17562,£27 14s 5d
17569,£146 10s 5d
17572,£76 14s 7d
17580,£29 14s
17582,£153 9s 3d
17585,£79 10s 4d
17590,£50 9s 11d
17591,£50 9s 11d
17592,£39 8s
17593,£79 4s
17594,£29 14s
17595,£28 14s 3d
17596,£29 14s
17597,£61 7s 7d
17598,£31 13s 8d
17599,£71 5s 8d
17600,£30 13s 11d
17601,£27 14s 5d
17603,£59 8s
17604,£82 3s 5d
17605,£27 14s 5d
17606,£27 8s 11d
17607,£39 12s
17608,£262 7s 6d
17609,£49 10s 1d
17610,£27 14s 5d
17611,£133 13s
17612,£27 14s 5d
17613,£27 14s 5d
17754,£34 13s 1d
17755,£512 6s 7d
17756,£83 3s 2d
17757,£247 10s 6d
17758,£108 18s
17759,£63 7s 2d
17760,£135 12s 8d
17760_Bessette,£63 7s 2d
17761,£106 8s 6d
17764,£30 13s 11d
17765,£27 14s 5d
17770,£27 14s 5d
18509,£8 1s
1855,£7 11s 10d
18723,£10 10s
19877,£78 17s
19924,£26
19928,£90
19943,£100
19947,£35 10s
19950,£263
19952,£26 11s
19972,
19988,£30 10s
19996,£52
2,£21
2003,£26
20589,£8 1s
2079,£37 1d
211535,£13
211536,£13
21171,£7 5s
21172,£7 5s
21173,£7 5s
21174,£7 5s
21175,£7 5s
21228,£82 5s 4d
2123,£41 11s 7d
2131,£15 1s
2133,£15 11d
21332,£7 14s 8d
2144,£46 18s
21440,£8 1s
2146,£13 17s 3d
2147,£13 17s 2d
2148,£13 17s 2d
2149,£13 17s 2d
2151,£8 1s
2152,£8 1s
2159,£12 17s 6d
2163,£12 17s 6d
2166,£13 17s 3d
2167,£27 14s 5d
2168,£15 8d
218629,£13 10s
219533,£12 7s
220367,£13
220844,£13 10s
220845,£65
2223,£8 6s
223596,£13 10s
226593,£12 7s
226875,£26
228414,£26
229236,£13
230080,£26
230136,£39
230433,£26
230434,£13
2314,£7 11s
2315,£20 11s 6d
231919,£23
231945,£11 10s
233478,£13
233639,£13
233734,£12 7s
233866,£13
2343,£69 11s
234360,£13
234604,£13
234686,£13
234818,£12 7s
235509,£12 7s
23567,£8 1s
23568,£8 1s
236171,£13
236852,£13
236853,£26
236854,£13
237216,£13 10s
237249,£13
237393,£13
237442,£13 10s
237565,£15
237668,£13
237670,£13
237671,£13
237734,£15 11d
237735,£15 11d
237736,£30 1s 5d
237789,£30
237798,£13
239059,£16
239853,
239854,
239855,
239856,
239865,£26
240261,£10 14s 2d
240276,£9 13s 9d
24065,£26
240929,£12 13s
24160,£211 6s 9d
242963,£13
243847,£27
243880,£13
244252,£26
244270,£13
244278,£10 10s
244310,£13
244346,£13
244358,£26
244360,£13
244361,£13
244367,£26
244368,£13
244373,£13
24579,£10 10s
24580,£10 10s
2466,£8 1s
248659,£13
248698,£13
248706,£16
248723,£13
248726,£13 10s
248727,£33
248731,£13 10s
248733,£13
248734,£13
248738,£29
248740,£13
248744,£13
248746,£13
248747,£13
250643,£13
250644,£19 10s
250646,£13
250647,£13
250648,£13
250649,£14 10s
250650,£13
250651,£26
250652,£13
250653,£13
250654,
250655,£26
251,£7 11s
2543,£28 10s 9d
2620,£7 4s 6d
2621,£6 8s 9d
2622,£4 3d
2623,£7 4s 6d
2624,£7 4s 6d
2625,£8 10s 4d
2626,£7 4s 7d
2627,£14 9s 2d
2628,£7 4s 7d
2629,£7 4s 7d
2631,£7 4s 6d
26360,£26
2641,£7 4s 7d
2647,£7 4s 6d
2648,£7 4s 7d
2649,£7 4s 6d
2650,£15 4s 11d
2651,£11 4s 10d
2652,£7 4s 7d
2653,£15 14s 10d
265302,£7 6s 3d
2654,£7 4s 7d
2655,£7 4s 7d
2656,£7 4s 6d
2657,£7 4s 7d
2658,£7 4s 6d
2659,£14 9s 1d
2660,£14 9s 1d
2661,£15 4s 11d
2662,£21 13s 7d
2663,£7 4s 7d
2664,£7 4s 6d
2665,£14 9s 1d
2666,£19 5s 2d
2667,£7 4s 6d
2668,£22 7s 2d
2669,£7 4s 7d
2670,£7 4s 6d
26707,£26
2671,£7 4s 7d
2672,£7 4s 6d
2673,£7 4s 7d
2674,£7 4s 6d
2675,£7 4s 7d
2676,£7 4s 6d
2677,£7 4s 7d
2678,£15 4s 11d
2679,£7 4s 6d
2680,£14 9s 1d
2681,£6 8s 9d
2682,£7 4s 7d
2683,£6 8s 9d
2684,£7 4s 6d
2685,£7 4s 6d
2686,£7 4s 7d
2687,£7 4s 7d
2688,£7 4s 7d
2689,£14 9s 2d
2690,£7 4s 7d
2691,£14 9s 1d
2692,£7 4s 6d
2693,£7 4s 7d
2694,£7 4s 6d
2695,£7 4s 7d
2696,£7 4s 6d
2697,£7 4s 7d
2698,£7 4s 6d
2699,£18 15s 9d
2700,£7 4s 7d
27042,£30
27267,£13
27849,£13
28004,£10 10s
28034,£10 10s
28133,£11 10s
28134,£11 10s
2816,£8 1s
2817,£8 1s
28206,£10 10s
28213,£13
28220,£32 10s
28221,£13
28228,£13
28403,£26
28404,£13
28424,£13
28425,£13
28551,£13
28664,£21
28665,£10 10s
28666,£10 10s
29011,£14
29037,£26
2908,£26
29103,£23
29104,£11 10s
29105,£23
29106,£18 15s
29107,£11 10s
29108,£11 10s
29178,£13
2926,£26
29395,£10 10s
29566,£10 10s
29750,£39
29751,£13
30631,£7 14s 8d
30769,£10 10s
3085,£26
3101262,£7 5s
3101263,£7 17s
3101264,£6 9s 11d
3101265,£6 9s 11d
3101266,£6 9s 11d
3101267,£6 9s 11d
3101268,£7 18s 6d
3101269,£7 18s 6d
3101270,£7 18s 6d
3101271,£7 18s 6d
3101272,£7 2s 6d
3101273,£7 2s 6d
3101274,£7 2s 6d
3101275,£7 2s 6d
3101276,£7 18s 6d
3101277,£7 18s 6d
3101278,£15 17s
3101279,£15 17s
3101280,£7 18s 6d
3101281,£7 18s 6d
3101282,£7 18s 6d
3101283,£7 18s 6d
3101284,£7 18s 6d
3101285,£7 18s 6d
3101286,£7 18s 6d
3101287,£7 18s 6d
3101288,£7 18s 6d
3101289,£7 18s 6d
3101290,£7 18s 6d
3101291,£7 18s 6d
3101292,£7 18s 6d
3101293,£7 18s 6d
3101294,£7 18s 6d
3101295,£39 13s 9d
3101296,£7 18s 6d
3101297,£7 18s 6d
3101298,£12 5s 9d
3101305,£7 1s
3101306,£7 1s
3101307,£7 1s
3101308,£7 1s
3101309,£7 1s
3101310,£7 1s
3101311,£7 1s
3101312,£7 1s
3101314,£7 5s
3101315,£13 15s 6d
3101316,£8 1s
3101317,£7 5s
31026,£10 10s
31027,£21
31028,£10 10s
31029,£31 10s
31030,£10 10s
312991,£7 15s 6d
312992,£7 15s 6d
312993,£7 15s 6d
3130,£7 15s
31352,£21
31416,£8 1s
31418,£13
315037,£8 13s 3d
315082,£7 17s 6d
315083,£8 13s 3d
315084,£8 13s 3d
315085,£8 13s 3d
315086,£8 13s 3d
315087,£8 13s 3d
315088,£8 13s 3d
315089,£8 13s 3d
315090,£8 13s 3d
315091,£8 13s 3d
315092,£8 13s 3d
315093,£8 13s 3d
315094,£8 13s 3d
315095,£8 13s 3d
315096,£8 13s 3d
315097,£8 13s 3d
315098,£8 13s 3d
315151,£8 13s 3d
315152,£8 13s 3d
315153,£22 6d
315154,£8 13s 3d
31921,£26 5s
32302,£8 1s
3235,£8 1s
323592,£7 5s
3236,£8 1s
323951,£8 1s
324669,£8 1s
32861,£15 11s 7d
329944,£7 5s 8d
330844,£7 17s 7d
330877,£8 9s 2d
330909,£7 12s 7d
330910,£7 17s 7d
330911,£7 16s 7d
330919,£7 16s 7d
330920,£7 15s 17d
330923,£8 7d
330924,£7 17s 7d
330931,£7 17s 7d
330932,£7 15s 8d
330935,£8 2s 9d
330958,£7 17s 7d
330959,£7 17s 7d
330963,£7 17s 7d
330968,£7 16s 7d
330971,£7 17s 7d
330972,£7 12s 7d
330979,£7 16s 7d
330980,£7 17s 7d
33111,£10 10s
33112,£36 15s
3336,£16 2s
3337,£14 10s
3338,£8 1s
334912,£7 14s 8d
334914,£7 14s 6d
334915,£7 14s 5d
335097,£7 15s
335432,£7 14s 8d
335677,£7 15s
33595,£15 15s
33638,£81 17s 2d
336439,£7 15s
3381,£24
34050,£10 10s
34068,£10 10s
3410,£8 14s 3d
3411,£8 14s 3d
341826,£8 1s
34218,£10 10s
34244,£7 5s
342441,£8 1s
34260,£10 10s
342684,£8 1s
342712,£8 1s
342826,£8 1s
343095,£8 1s
343120,£7 13s
343271,£7
343275,£8 1s
343276,£8 1s
345364,£6 4s 9d
345498,£7 15s 6d
345501,£7 15s 6d
345572,£17 8s
345763,£18
345765,£9
345767,£9
345768,£9 10s
345769,£9 10s
345770,£9 10s
345771,£9 10s
345773,£24 3s
345774,£9 10s
345775,£9 10s
345777,£9 10s
345778,£9 10s
345779,£9 10s
345780,£9 10s
345781,£9 10s
345783,£9 10s
3460,£7 11d
3464,£8 3s 2d
34644,£12 14s 9d
34651,£27 15s
3470,£7 17s 9d
347054,£10 9s 3d
347060,£7 15s 6d
347061,£6 19s 6d
347062,£7 15s 6d
347063,£7 15s 6d
347064,£7 15s
347065,£7 15s 6d
347066,£7 15s 6d
347067,£7 15s 6d
347068,£7 15s 6d
347069,£7 15s 6d
347070,£7 15s 6d
347071,£7 15s 6d
347072,£13 18s
347073,£7 15s
347074,£7 15s 6d
347075,£7 15s 6d
347076,£7 15s 6d
347077,£31 7s 9d
347078,£7 15s
347079,£7 15s 6d
347080,£14 8s
347081,£7 15s
347082,£31 5s 6d
347083,£7 15s 6d
347085,£7 15s 6d
347086,£7 15s 6d
347087,£7 15s 6d
347088,£27 18s
347089,£6 19s 6d
347090,£7 15s
347091,£7 15s 6d
3474,£7 17s 9d
347464,£7 17s 1d
347465,£7 17s 1d
347466,£7 17s 1d
347467,£7 17s 1d
347468,£7 17s 1d
347469,£7 17s 1d
347470,£7 17s 1d
347471,£7 17s 1d
347742,£11 2s 8d
347743,£7 1s 1d
348121,£7 13s
348122,£7 13s
348123,£7 13s
348124,£7 13s
348125,£7 13s
349201,£7 17s 11d
349202,£7 17s 11d
349203,£7 17s 11d
349204,£7 17s 11d
349205,£7 17s 11d
349206,£7 17s 11d
349207,£7 17s 11d
349208,£7 17s 11d
349209,£7 17s 11d
349210,£7 17s 11d
349211,£7 17s 11d
349212,£7 17s 11d
349213,£7 17s 11d
349214,£7 17s 11d
349215,£7 17s 11d
349216,£7 17s 11d
349217,£7 17s 11d
349218,£7 17s 11d
349219,£7 17s 11d
349220,£7 17s 11d
349221,£7 17s 11d
349222,£7 17s 11d
349223,£7 17s 11d
349224,£7 17s 11d
349225,£7 17s 11d
349226,£7 17s 11d
349227,£7 17s 11d
349228,£10 3s 5d
349229,£7 17s 11d
349230,£7 17s 11d
349231,£7 17s 11d
349232,£7 17s 11d
349233,£7 17s 11d
349234,£7 17s 11d
349235,£7 17s 11d
349236,£8 17s
349237,£17 16s
349238,£7 17s 11d
349239,£8 13s 9d
349240,£7 17s 11d
349241,£7 17s 11d
349242,£7 17s 11d
349243,£7 17s 11d
349244,£8 13s 8d
349245,£7 17s 11d
349246,£7 17s 11d
349247,£7 17s 11d
349248,£7 17s 11d
349249,£7 17s 11d
349250,£7 17s 11d
349251,£7 17s 11d
349252,£7 17s 11d
349253,£7 17s 11d
349254,£7 17s 11d
349255,£7 17s 11d
349256,£13 8s 4d
349257,£7 17s 11d
349909,£21 1s 6d
349910,£15 11s
349911,£7 15s 6d
349912,£7 15s 6d
350025,£7 17s 1d
350026,£14 2s 2d
350033,£7 15s 11d
350034,£7 15s 11d
350035,£7 15s 11d
350036,£7 15s 11d
350042,£7 15s 11d
350043,£7 15s 11d
350045,£7 15s 11d
350046,£7 17s 1d
350047,£7 17s 1d
350048,£7 1s 1d
350050,£7 17s 1d
350052,£7 15s 11d
350053,£7 15s 11d
350054,£7 15s 11d
350059,£7 17s 1d
350060,£7 10s 5d
350403,£7 11s 7d
350404,£7 17s 1d
350405,£12 3s 8d
350406,£7 17s 1d
350407,£7 17s 1d
350408,£7 17s 1d
350409,£7 17s 1d
350410,£7 17s 1d
350416,£7 17s 1d
350417,£7 17s 1d
35273,£113 5s 6d
35281,£77 5s 9d
3536,£8 1s
3540,£8 1s
35851,£7 14s 8d
35852,£7 14s 8d
358585,£14 10s
359306,£8 1s
359309,£8 1s
3594,£8 1s
36209,£7 14s 6d
362316,£7 5s
363272,£7
363291,£20 10s 6d
363294,£8 1s
363592,£8 1s
363611,£8 1s
364498,£14 10s
364499,£8 1s
364500,£7 5s
364506,£8 1s
364511,£8 1s
364512,£8 1s
364516,£12 9s 6d
364846,£7 15s
364848,£7 15s
364849,£15 10s
364850,£7 15s
364851,£7 15s
364856,£7 15s
364858,£7 15s
364859,£7 15s
365222,£6 15s
365226,£6 15s
365235,£7 15s
365237,£7 15s
36568,£15 10s
366713,£7 15s
367226,£23 5s
367227,£7 15s
367228,£7 15s
367229,£7 15s
367230,£15 10s
367231,£7 15s
367232,£7 15s
367655,£7 14s 7d
368323,£6 19s
368364,£7 15s
368402,£7 15s
368573,£7 15s
36864,£7 14s 10d
36865,£7 14s 9d
36866,£7 14s 9d
368702,£7 15s
368703,£7 15s
368783,£7 15s
36928,£164 17s 4d
36947,£78 5s 4d
36963,£32 6s 5d
36967,£34 5d
36973,£83 9s 6d
369943,£8 1s
370129,£20 4s 3d
370160,£7 5s
370365,£15 10s
370368,£7 15s
370369,£7 15s
370370,£7 15s
370371,£15 10s
370372,£7 15s
370373,£7 15s
370374,£7 15s
370375,£7 15s
370376,£7 15s
370377,£7 15s
371060,£7 15s
371109,£7 5s
371110,£24 3s
371362,£16 2s
372622,£7 15s
373450,£8 1s
374746,£8 1s
374887,£7 5s
374910,£8 1s
376563,£8 1s
376564,£16 2s
376566,£16 2s
37671,£15 18s
382649,£7 15s
382650,£6 19s
382651,£7 15s
382652,£29 2s 6d
382653,£7 15s
383121,£7 15s
383123,£7 15s
383162,£7 15s
384461,£7 15s
386525,£16 2s
3902,£7 5s
39186,£8 1s
392076,£7 1s
392078,£8 1s
392082,£8 1s
392083,£8 1s
392086,£8 1s
392087,£8 1s
392089,£8 1s
392091,£9 7s
392092,£8 1s
392096,£12 9s 6d
394140,£6 17s 2d
39886,£7 16s
4001,£22 10s 6d
4133,£25 9s 4d
4134,£9 11s 9d
4135,£9 11s 9d
4136,£9 16s 10d
4137,£9 16s 10d
4138,£9 16s 10d
42795,£7 11s
4348,£9 7s
45380,£8 1s
4579,£8 8s 1d
48871,£24 3s
48873,£8 1s
49867,£7 11s
541,£13 15s 10d
54510,£8 1s
54636,£16 2s
5547,£7 11s
5727,£25 11s 9d
5734,£61 3s 6d
5735,£71
6212,£15 2s
65303,£6 19s 4d
65304,£6 19s 4d
65305,£8 2s 3d
65306,£8 2s 3d
6563,£9 4s 6d
6607,£23 9s
6608,£34 7s 6d
6609,£7 11s
680,£50
693,£26
694,£26
695,£5
7075,£6 9s
7076,£7 5s
7077,£7 5s
7266,£9 6s 6d
7267,£9 4s 6d
751,£7 11s
7534_Gustafsson,£9 16s 11d
7534_Osen,£9 4s 4d
7538,£9 4s 6d
7540,£8 13s 1d
7545,£9 9s 8d
7546,£9 9s 6d
7548,£8 19s 3d
7552,£10 10s 4d
7553,£9 16s 9d
7598,£8 1s
7935,£7 15s
8471,£8 6s 15d
8475,£8 8s 8d
851,£14 10s
9232,£7 15s
9234,£7 15s
9549,£16 14s
CA2673,£20 5s
PC 14474,£26 5s 9d
S.O./C. 3,£10 10s
S.O./P.P 3,£10 10s
SO/PP 752,£7 11s
SOTON/OQ 392090,£8 1s
SW/PP 751,£10 10s
SW/PP 752,£10 10s
